#设置客户端链接服务器端的编码为utf-8
set names utf8;
drop database if exists menu;
#创建新的数据库，设置存储的编码为UTF-8
create database menu charset=utf8;
use menu;
#用户表
create table menu_user(
  id int unsigned NOT NULL AUTO_INCREMENT COMMENT '用户id，主键且自增',
  username varchar(30) NOT NULL COMMENT '用户名,唯一',
  password varchar(32) NOT NULL COMMENT '密码,MD5',
  nickname varchar(30) DEFAULT NULL,
  avatar varchar(50) NOT NULL DEFAULT 'unnamed.jpg' COMMENT '用户头像',
  article_number mediumint(9) NOT NULL DEFAULT '0' COMMENT '发表的文章数量',
  PRIMARY KEY(`id`),
  UNIQUE KEY `username`(`username`)
);
insert into menu_user values('1','刘惠平','965eb72c92a549dd','lhp','1.jpg','0'),
                            ('2','张怡','1a0a1fdaad01296d','zy','2.jpg','0'),
                            ('3','李玉洁','0dab19c4430e7d73','lyj','3.jpg','0');
#菜单详情表1
create table menu_article(
  id int unsigned NOT NULL AUTO_INCREMENT,
  subject varchar(50) NOT NULL COMMENT '菜名',
  main varchar(255) NOT NULL COMMENT '主料',
  content text NOT NULL COMMENT '做菜步骤', 
  image varchar(50) DEFAULT NULL COMMENT '缩略图',
  user_id int unsigned NOT NULL COMMENT '外键，用户id',
  category_id int unsigned NOT NULL COMMENT '外键，分类id',
  PRIMARY KEY(`id`)
);
insert into menu_article values('1',
'秋葵炒虾仁', '主料:虾200克,黄秋葵200克 辅料:大葱1根,生姜1块,白胡椒粉1勺,大蒜3瓣,盐3克,姜汁酒1勺,生抽1勺', '1.大蒜切片，大葱切段，生姜切末。2.在虾肉中加入一大勺姜汁酒和少许白胡椒粉抓拌均匀。3.秋葵洗净后去蒂改刀成段。4.锅内放少许橄榄油，下入葱姜蒜末爆香。5.下入腌好的虾仁翻炒。6.炒至虾仁变色后调入一勺生抽。7.下入秋葵快速翻炒。8.调入2克盐。9.出锅前淋入一小勺姜汁酒爆香后出锅即可。', 'img1.png', '1', '3'
);
insert into menu_article values('2', '豆腐鲫鱼汤', '主料:姜片适量,鲫鱼1条,葱段适量,嫩豆腐250克 辅料:油适量,水750毫升,料酒3克,胡椒粉1克,鸡粉5克,盐3克', '1.锅中倒油，翻入姜片，放入鲫鱼，小火慢煎，煎至金黄后翻面。2.锅中倒750ml水煮沸，倒入煎好的鱼。3.加入姜片、葱段、料酒3g、胡椒粉1g、鸡粉5g、盐3g、嫩豆腐250g。4.大火煮沸转至中火，加盖炖煮15分钟。5.出锅，完成。', 'img2.png', '2', '4');
insert into menu_article values('3', '萝卜排骨汤', '主料:排骨860克,红萝卜780克 辅料:葱叶适量,姜片6片,料酒适量,食盐4小勺,枸杞少许', '1.排骨焯水捞出，用温水洗净浮沫。2.煮锅置火上，放足量的水，放入焯过水的排骨，加入葱段姜片。3.大火烧沸后，盖上盖子改中小炖煮4.煮排骨的时候处理白萝卜，白萝卜去皮切成滚刀块。5.排骨大约煮40钟，放入切好的白萝卜，继续中小火煮制。6.煮至白萝卜熟透，加入适量食盐、胡椒粉即可关火。', 'img3.png', '3', '4');
insert into menu_article values('4', '鸡腿炖土豆', '主料:鸡腿5个,土豆200克 辅料:食盐3克,大葱1根,水适量,姜片3片,花椒8颗,老抽5毫升,冰糖3块,料酒1勺,小尖椒2个', '1.准备好鸡腿，土豆和辅料，土豆切成土豆块，鸡腿热水焯一下。2.锅中放油，将冰糖放进油中融化。3.冰糖完全融化。4.鸡腿倒进冰糖中翻炒，直至完全上色。5.将辅料倒进锅中翻炒，加入老抽和料酒。6.大火翻炒，直至鸡腿上色均匀。7.锅中加入热水煮沸，再关小火炖1个小时。8.鸡腿炖熟后加入土豆，放入盐，等土豆熟了就可以出锅了。', 'img4.png', '2', '7');
insert into menu_article values('5', '啤酒五花肉', '主料:五花肉1块,啤酒1罐,鸡蛋2个,葱适量 辅料:姜适量,料酒适量,八角适量,干辣椒适量,老抽1勺,盐2勺', '1.五花肉切小块。2.冷水下锅，放入葱、姜、料酒去腥，捞出后凉水洗净，鸡蛋煮熟剥皮开小口。3.锅中无油无水，放入五花肉煸出油。4.锅中放一勺蜂蜜，炒至焦糖色，放八角、姜片、干辣椒、一勺老抽，放五花肉炒香。5.倒入1罐啤酒，加1勺盐，放入鸡蛋，大火慢炖至收汁，最后盛出撒上葱花即可。', 'img5.png', '3', '1');
insert into menu_article values('6', '红萝卜玉米排骨汤', '主料:肋排500克,胡萝卜1根,甜玉米1根 辅料:盐适量,香葱少许,清水适量', '1.准备好排骨洗净。2.锅加水，放入排骨。3.焯水煮一下。4.捞出排骨。5.准备好萝卜和玉米。6.准备点红枣和姜。7.玉米和萝卜洗净切块。8.锅加水，放入排骨，红枣和姜片。9.放入玉米和萝卜。10.煲煮50分钟，加盐调味。11.盛碗。', 'img6.png','1', '4');
insert into menu_article values('7', '风林茄子', '主料:茄子250克 辅料:蒜5克,香菜1根,干辣椒2克,花椒1克,葱15克,白砂糖50克,陈醋40克,生抽5克,盐2克,淀粉120克', '1.蒜切末，香菜切段，茄子切块。2.倒入茄子，加入淀粉，搅拌均匀。3.锅中倒油，油温烧至五成熟加入茄子，炸至金黄。4.锅中倒油，加入花椒，干辣椒，葱段，大火爆香。5.加入陈醋，白砂糖，生抽，盐翻炒均匀。6.加入茄子，香菜，翻炒均匀。', 'img7.png', '3', '6');
insert into menu_article values('8', '香辣排骨', '主料:小肋排800克 辅料:盐适量,玉米淀粉适量,料酒适量,生抽适量,葱姜蒜适量,绵白糖适量,黑胡椒碎适量,干红辣椒6个,花生油适量,去皮熟花生米适量', '1.排骨清水煮开、洗干净。2.准备一些姜和蒜。3.油热煸炒一下。4.然后下排骨炒一下。5.把辣椒放进去继续炒。6.下料酒、老抽、生抽适量！翻炒一下。7.加水没过排骨。8.煮开之后加入盐味精和白糖调味、转中火炖着、大概二十分钟左右。9.汤快干的时候把葱白放进去、放得早的话会煮烂掉、所以这时候正好。10.小火收汁、翻炒过后颜色已经很好看了。11.出锅后撒一点香菜和葱、非常的香。喜欢吃辣的话辣椒可以多放。', 'img8.png', '2', '1');
insert into menu_article values('9', '辣子鸡', '主料:鸡腿500克,辣椒酱500克 辅料:姜1小块,大葱1段,盐适量', '1.放入鸡肉、加料酒、生抽、胡椒粉、盐，搅拌均匀，腌制30分钟。2.倒入食用油、姜丝、花椒，鸡块。3.小火煎至鸡肉变色。4.倒入大蒜、干辣椒、辣椒圈。5.翻炒均匀。', 'img9.png', '2', '7');
insert into menu_article values('10', '豆角茄子煲', '主料：豆角200g，茄子200g，猪肉50g 调料：食盐适量，葱适量，姜适量，蒜适量，料酒适量，蚝油1勺，甜面酱2勺，调和油适量，花椒粉适量', '1.大茄子去皮切条，撒少量盐抓匀腌制片刻，炒之前去掉水分。2.豆腐煎至两面金黄，摆入浅沙煲底层。3.留底油炒熟茄子，盛到豆腐上。4.热油炒香葱姜蒜末，加入肉末炒至变色。5.加入豆瓣酱炒出红油，翻炒均匀，加入生抽、蚝油、白糖、十三香。6.翻炒均匀倒入青红椒碎，倒入适量水淀粉，翻炒均匀。7.浇在豆腐茄子上，盖盖焖三分钟，即可开吃。', 'img10.png', '1', '6');
insert into menu_article values('11', '麻婆豆腐', '主料：豆腐500克 辅料：油一勺，盐一撮，肉末150克，豆瓣酱30克，花椒8克，葱姜末少许', '1.卤水豆腐洗净，切约1.5cm见方小块，盐水浸泡备用。2.大蒜、生姜，大葱切末，郫县豆瓣剁碎，蒜苗切末。我这次偷懒用的是牛肉酱，有点牛肉味即可。3.油烧7分热，下葱姜蒜末炒出香味，下牛肉酱划开炒匀，下郫县豆瓣满满炒出红油，加白糖调味。4.豆腐沥水下锅，炒匀，加入鸡汤，大火烧开盖上盖转中小火烧2-3分钟。淀粉加少许水调匀。5.下水淀粉勾芡，撒花椒粉、青蒜末炒匀，完成。', 'img11.png', '1', '6');
insert into menu_article values('12', '土豆烧牛肉', '主料：牛肉500克，土豆1个 辅料：葱段半根，姜3片，蒜2粒，干红辣椒3个，八角1个，老抽一汤匙，生抽1汤匙，盐少许，砂糖少许', '1.将主料 辅料所以材料切好备用。2.切好的牛肉冷水锅加料酒炒掉血水。3.土豆切块 焯水的牛肉 盛盘备用。4.起锅热油 将白砂糖放入锅中炒出颜色。5.糖炒出颜色倒入牛肉 生抽 老抽 翻炒至颜色均匀后加入葱 姜 蒜 八角 辣椒 继续翻炒出香味。6.炒好的牛肉倒入高压锅或者电压力锅中添水 定时30分钟 即可。7.将准备好的土豆块 炖好的牛肉 倒入炖锅中 加少许盐 慢火炖15分钟左右 这一步是为了让土豆和牛肉的味道融合。8.炖好的牛肉盛盘即可食用。', 'img12.png', '1', '1');
insert into menu_article values('13', '乌鸡汤', '主料：乌鸡1只 辅料：姜5克，葱5克，料酒5克，桂圆2个，红枣2个，黄芪3克，白芍2克，党参3克，当归2克，枸杞5克，盐2克', '1.乌鸡剁成块。2.冷水下锅，焯水，打去浮沫，倒入高压锅。3.放入姜，红枣，党参，盐，水，高压锅上气5分钟。4.泡点枸杞，煮好倒入铁盆，放入枸杞，切点葱花，开火煮，碗中放入葱花，煮好盛入碗中。', 'img13.png', '2', '4');
insert into menu_article values('14', '西芹百合炒腰果', '主料：百合50克，西芹100克，腰果60克 辅料：盐5克，鸡粉3克，植物油2汤匙', '1.主料准备好；百合去头尾，掰成瓣，西芹切小片。2.将西芹和百合焯水后迅速捞起，泡在冷水中备用；锅里放适量油，烧至温热后放入腰果。3.用小火煎炸至腰果金黄酥脆后捞出，放凉备用，锅里留油；将西芹百合捞出控干，放入油锅里大火翻炒30秒左右。4.放入放凉后的腰果；调入适量盐和鸡粉即可关火出锅。', 'img14.png', '3', '6');
insert into menu_article values('15', '西红柿炒鸡蛋', '主料：西红柿1个，鸡蛋3个 辅料：植物油10克，食盐3克，小葱两棵', '1.将鸡蛋入碗中，用筷子搅散。番茄洗净去蒂，切成小块备用。2.锅中放油烧至七成热时，将蛋液倒入锅中，在锅中快速搅打炒成蓬松的炒鸡蛋并盛出。3.锅中重新放油烧至五成热，先将葱花放入爆香。4.将番茄块倒入，大火翻炒1分钟，放入盐、鸡精、糖调味，搅拌均匀；加入鸡精让这道番茄炒蛋滋味更加鲜美，让人食欲大开。5.最后放入炒好的鸡蛋，炒匀即可盛出。', 'img15.png', '2', '6');
insert into menu_article values('16', '栗子红烧肉', '主料：五花肉250克，栗子(鲜)250克 辅料：姜10克，蒜50克，生抽30毫升，老抽15毫升，料酒15毫升，细砂糖20克，食盐适量，植物油适量', '1.五花肉和冷水一起放进煮锅里，焯水，冲洗掉油脂，再把五花肉切块。2.炒锅放入1汤匙植物油，加入冰糖，用小火熔化。3.加入五花肉块。4.将五花肉块裹上琥珀色冰糖。5.加入生抽、老抽和料酒，炒匀。6.再放入姜和蒜，炒出香味。\r7.加入没过五花肉的开水，大火烧开后转小火焖60分钟。8.五花肉焖煮期间，当汤汁剩下三分之一时加入栗子，拌匀后继续焖。9.汤汁所剩无几时盛起，撒上葱粒即可。', 'img16.png', '2', '1');
insert into menu_article values('17', '洋葱炒牛肉', '主料：牛肉500克，胡萝卜100克，洋葱100克 辅料：盐1克，料酒20毫升，胡椒粉1克，鸡蛋清20克，淀粉30克，亚麻籽油20毫升，姜蒜30克，生抽20毫升，香葱20克', '1.准备蒜末5g，洋葱100g切块，猪瘦肉200g切片。2.碗中倒入猪肉片，倒入生抽5g，淀粉5g、倒入蒜末拌匀，腌制20分钟。3.起锅放入油5ml，倒入猪肉片翻炒至变色。4.倒入老抽1g，生抽3g，翻炒均匀后倒入洋葱。5.加入盐1g，翻炒均匀即可出锅。', 'img17.png', '2', '1');
insert into menu_article values('18', '水煮鱼', '主料：鸡蛋1个，草鱼片500克，姜片适量，黄豆芽100克 辅料：淀粉5克，食用油5毫升，郫县豆瓣酱15克，水500毫升\r', '1.打一个蛋清，准备草鱼片500g，倒入蛋清，加入淀粉5g，搅拌均匀。2.锅中热油5ml，倒入适量姜片，郫县豆瓣酱15g，炒出红油。3.锅中倒入500ml水，倒入100g黄豆芽，大火煮沸。4.倒入鱼片，继续煮。5.煮沸后出锅。\r', 'img18.png', '2', '3');
insert into menu_article values('19', '蛋焖排骨', '主料：小肋排 1000克 ，鸡蛋 10个 辅料：葱 姜 酱油 糖 料酒 盐', '1.先煮好几个白水蛋待凉透剥去壳备用；排骨，姜片，干辣椒，冰糖。2.锅里放油，油温稍稍起来就放冰糖和姜片，小火，待冰糖化掉成焦糖，放入排骨翻炒，均匀的裹上糖色。3.然后放入适量酱油，料酒，干辣椒，加入水（水刚没过排骨即可）大火烧开，中火烧20分钟。4.然后鸡蛋上划几个口子，便于入味，放入锅中一起烧，不用盖锅盖。5.待汤汁收干，即可起锅；如果觉得味道不够，可以根据自己口味再适量加盐和鸡精。', 'img19.png', '2', '1');
insert into menu_article values('20', '咖喱鸡块', '主料：鸡胸肉300克，红皮洋葱300克，土豆300克，胡萝卜100克，青椒50克 辅料：咖喱块50克，料酒15克，玉米油30克，水400毫升', '1.鸡胸肉清洗干净，放冰箱冷冻半小时变硬些，切成2cm见方的小块；洋葱、土豆、胡萝卜和青椒分别洗净切2cm左右的块。2.热锅放入玉米油，放入鸡胸块、洋葱、土豆和胡萝卜翻炒至鸡肉变色，放入料酒烹香。3.加入400g水中火烧制10分钟左右，至土豆和鸡肉变得软烂。4.转小火，放入咖喱块，搅拌至完全融化，再炖煮5分钟左右至咖喱呈稠糊状鸡肉入味即可。', 'img20.png', '1', '7');
insert into menu_article values('21', '蘑菇炒鸡肉', '主料：蘑菇150克，鸡肉100克 辅料：料酒4克，盐2克，生抽4克，鸡精1克', '1.鸡肉切成条。2.然后加料酒，生抽淀粉抓匀腌15分钟。3.蘑菇洗干净切成片。4.锅里倒入油倒入腌好的鸡肉炒匀。5.快速炒散，炒至鸡肉白。6.然后加入蘑菇翻炒。7.加入盐炒匀，炒至蘑菇软。8.加入生抽大火不停的翻炒。9.炒至入味后加点鸡精炒会即可。10.炒好装盘。', 'img21.png', '2', '7');
insert into menu_article values('22', '西兰花炒虾仁', '主料：西兰花300克，虾仁适量 辅料：姜片3克，料酒3毫升，食用油5毫升，鸡粉2克盐，2克水，淀粉5克', '1.准备好食材。2.准备姜片，西蓝花。3.加入食用油，姜片，大火，虾仁，煸炒。4.锅中倒入料酒，西蓝花，翻炒。5.加入鸡粉，盐，翻炒。6.倒入水淀粉，翻炒即可。\r', 'img22.png', '3', '3');
insert into menu_article values('23', '豆角炖排骨', '主料：排骨500克，豆角50克 辅料：生姜5克，大葱10克，蒜末5克，食用油5毫升，八角2克，生抽3克，料酒5克，水500毫升', '1.排骨洗干净砍成小块，冷水下锅，放姜片、香葱段、部分料酒煮出血水捞出控干。2.豆角择取筋，清洗干净，切成寸段，备用。3.锅里放油烧至五成热，放入姜片爆香后，将焯好的排骨倒入锅中炒匀。4.向锅中加入酱油、料酒、白糖炒匀后，倒入清水没过排骨。5.锅中加入家乐猪骨汤口味浓汤宝，煮沸。6.将豆角倒入锅中，大火煮开后，小火焖20分钟左右。7.打开锅盖，继续用大火收汁至浓稠，汤汁有层层拉丝的感觉；将收好汁的排骨炖豆角倒入盘中即可。', 'img23.png', '3', '1');
insert into menu_article values('24', '猪肚鸡', '主料：猪肚1整个，三黄鸡1整只，生花生1把，纯牛奶100毫升 辅料：香叶、八角、大葱、姜片、枸杞3片，花椒2撮，桂皮1小截，白胡椒粉1调料勺', '1.准备好食材。2.鸡腿1个，冷水下锅，加入料酒5克、姜片8克。3.焯水去腥去血沫。4.将清水加入锅中，放入鸡腿，猪肚条150克、红枣2个、当归3片、党参2克、黄芪2克、枸杞2克，搅拌均匀。5.继续加入清水，白胡椒粉0.5克，花椒粉0.5克，小火煲2小时。6.加入纯牛奶，继续煲15分钟即可出锅。', 'img24.png', '1', '7');
insert into menu_article values('25', '芹菜炒鸡丝', '主料：鸡肉120克，芹菜130克 辅料：葱1根，姜2片，蒜2瓣，番茄1/2个，盐1/3勺，酱油1/2勺，生粉1/3勺，鸡粉1/4勺', '1.准备食材：青菜斜切小段。2.水焯一下芹菜。3.鸡肉切丝，调入料酒、胡椒粉、盐、生粉腌制。4.热锅冷油，放入鸡丝快速滑炒。5.炒至鸡丝变色出锅备用。6.底油，放入葱、姜、蒜、花椒粉、番茄块，炒出香味。7.放入芹菜翻炒。8.放入鸡丝翻炒。9.调入酱油、盐、鸡粉翻炒出锅。', 'img25.png', '1', '7');
insert into menu_article values('26', '清蒸鲈鱼', '主料：鲈鱼1条 辅料：大葱白1根，姜适量，大蒜2瓣，白糖1茶匙，料酒1大勺，香油适量，植物油2大勺，酱油2勺', '1.鲈鱼清洗干净，用厨房纸吸去水份。2.两面花刀，秣上细盐，肚子里面也要抹上。淋上蒸鱼油抹均匀。3.葱切段姜切片。4.摆在盘子里面。5.放上腌好的鱼，鱼肚中可以放上葱和姜。6.水开后上锅，蒸10分钟。虚蒸三分钟。7.出锅。将鱼换一下盘子，或者将汤汁倒出来。8.将汤汁慢慢的烧在鱼身上。9.另起一小锅，将一勺油烧热，浇在鱼身上。放上藿香，上桌就可以了。', 'img26.png', '3', '3');
insert into menu_article values('27', '小鸡炖蘑菇', '主料:鸡半只,干磨菇50克 辅料:料酒1汤勺,老抽1汤匙,桂皮1小块,八角3个,盐1小勺,食用油2汤匙,大蒜1根,姜3片', '1.将三黄鸡斩件，泡净血水备用；干香菇用温水泡发，洗净备用。2.三黄鸡放入水中，大火烧开，撇去浮沫后捞出，洗净备用。3.锅中放油烧热，煸香葱段、姜块、八角、香叶，然后将鸡放入煸炒至变色，加入料酒、酱油翻炒均匀。4.加入清水，放入干香菇炖煮，加入家乐浓汤宝炆炖专用。5.家乐浓汤宝炆炖专用溶成浓醇高汤，渗入食材，大火烧开后转小火炖至汤汁收浓，最后撒白胡椒粉提香即可。', 'img27.png', '1', '7');
insert into menu_article values('28', '姜撞奶', '主料:老姜1大块,牛奶250毫升  辅料:砂糖20克', '1.准备好材料。2.姜去皮，剁成姜茸。3.把剁好的姜茸放进纱布挤出姜汁，姜汁约15ml就够了。4.牛奶倒入奶锅中，加入砂糖。5.中小火煮至微开，锅边起小泡泡就可，熄火放置稍晾凉。6.待温度降至70度左右时，倒入装着姜汁的碗中，并盖上碗盖。7.不要搅动或摇晃碗，静止一会就可凝结。8.甜中带点微辣，口感非常滑嫩。', 'img28.png','1','8');
insert into menu_article values('29', '秋葵培根卷', '主料：培根、秋葵适量 辅料:蒜蓉酱、番茄酱适量', '1.开水中加入盐，倒入秋葵煮1分钟。2.捞出凉水中浸泡。3.去蒂后对半切开。4.蒜蓉酱、番茄酱加入清水调匀。5.培根对半切开，卷起秋葵用牙签固定。6.小火将培根煎至金黄。7.淋上酱汁即可。8.荤素搭配的组合颇受好评，放入口中，秋葵吸收了培根的肉香，一软一脆的搭配口感非常丰富。','img29.png','1','6');
insert into menu_article values('30', ' 羊肉团圆炒饭','主料:羊肉80克,米饭150克 辅料:油5克,盐2克,蒜5克,生抽5克,淀粉8克', '1.羊肉切条后，放入淀粉抓匀。2.锅里倒入油，放入羊肉，用筷子挑散。3.炒至表面变色。4.将焖好的米饭拨松散。5.倒入油，入蒜片爆香。6.放入胡萝卜丝翻炒。7.加入米饭拌匀。8.放入菠菜。9.放入之前炒好的羊肉。10.加入生抽和盐。11.翻炒均匀。','img30.png','1','2');
insert into menu_article values('31', '核桃红豆糯米糊','主料:红豆100克,加州核桃30克,糯米30克 辅料:红糖20克,水1200毫升', '1.将红豆和糯米提前一晚浸泡。2.浸泡了一晚的红豆和糯米，红豆明显发涨。3.将红豆和糯米浸泡的水去掉，和核桃一起洗净。4.将红豆、糯米、核桃和水一起放在锅里盖上盖子，煮沸后转中小火煮30分钟。5.煮好的核桃红豆糯米粥。6.将煮好的核桃红豆糯米粥放进料理机里搅拌。7.搅拌好的核桃红豆糯米糊倒进碗里。','img31.png','1','2');
insert into menu_article values('32', '白灼虾','主料:虾250克,蒜5克,姜5克 辅料:葱1克,料酒5克,盐2克', '1.海捕虾去虾线，准备葱末、姜末。2.加料酒，盐，倒入虾，大火煮至变色。3.锅中倒油，炒白灼酱料。4.倒入蒜末，姜末，葱末，大火爆香。5.倒入白砂糖，生抽，搅拌均匀。6.虾摆盘，倒入白灼酱料。','img32.png','3','3');
insert into menu_article values('33', '培根香菜卷', '主料:培根（美式培根）4片,香菜2颗 辅料:现磨黑胡椒粉1克,孜然粉1克', '1.培根洗净后，每两根卷成长短一致的香菜卷；香菜卷的长度同培根的宽度一致。2.将培根拦腰切断。3.一片培根上，放上香菜卷。4.卷起来，铺在烤碗里。5.撒上适量现磨黑胡椒粉，孜然粉。6.烤箱220度预热，上下火，时间设置为8分钟。7.烤箱预热完毕后，将培根香菜卷放入烤箱。','img33.png','1','6');
insert into menu_article values('34', '山药炒黑木耳', '主料:黑木耳100克,胡萝卜半个,山药200克 辅料:盐1小勺,鸡精少许,蒜瓣3个,葱2棵', '1.黑木耳用温水提前泡发。2.山药和胡萝卜切长条状，山药最好浸泡清水里就不会发黑。3.锅里加入油，放入蒜瓣煸香。4.先放入胡萝卜翻炒。5.在加入黑木耳。6.在放入山药一起翻炒。7.加入盐。8.最后放入葱花和鸡精，即可出锅。','img34.png','1','6');
insert into menu_article values('35', '芦笋拌腰果', '主料:芦笋200克,腰果50克 辅料:油适量,盐1克,酱油5克,白醋5克,糖8克,芝麻油3克', '1.芦笋用清水冲洗干净，将老头切除，然后切成斜刀段，放入开水中焯熟，约2-3分钟。2.将焯熟的芦笋倒入冷开水中浸泡一会，再将水倒掉，并挤出多余的水分。3.冷油下入腰果，开启中小火炒制，炒至金黄关火，捞出放凉。4.待腰果冷却后倒入芦笋中，并调入盐、味极鲜、白醋、糖、芝麻油，拌匀即可。','img35.png','1','5');
insert into menu_article values('36', '红酒炖梨', '主料:雪梨2个,红酒半瓶 辅料:冰糖几颗,肉桂一小根', '1.雪梨去皮去核切片。2.雪梨片放锅里，加入冰糖，肉桂，倒入红酒，没过雪梨。3.大火煮开，小火炖15分钟，冷却后入冰箱冷藏一夜。','img36.png','1','8');
insert into menu_article values('37', '黄瓜芹菜苹果汁','主料:黄瓜200克,芹菜120克,苹果200克 辅料:清水600毫升', '1.黄瓜和芹菜都洗净，再用淡盐水浸泡十分钟，然后再次洗净切成小块儿；苹果洗净去皮后切成小块儿。2.把所有的材料放进破壁料理机内桶，加入清水。3.破壁调理机通电，在机器上直接操作，选择“果汁”键，进行启动即可。','img37.png','1','8');
insert into menu_article values('38', '香辣藕片', '主料:莲藕500克 辅料:花生油5毫升,盐4克,生抽2毫升,干辣椒5克,大蒜10克', '1.黄瓜和芹菜都洗净，再用淡盐水浸泡十分钟，然后再次洗净切成小块儿；苹果洗净去皮后切成小块儿。2.把所有的材料放进破壁料理机内桶，加入清水。3.破壁调理机通电，在机器上直接操作，选择“果汁”键，进行启动即可。', 'img38.png','1','6');
insert into menu_article values('39', '枸杞银耳炖雪梨盅','主料:雪梨2个,银耳半朵 辅料:冰糖，枸杞各5克', '1.准备食材。2.银耳泡发备用。3.雪梨顶部切开，用勺子把芯挖出。4.雪梨放入容器里面，塞入银耳，冰糖，水开后上锅中小火蒸30分钟左右。5.蒸好之后枸杞放进去，焖个5分钟。','img39.png','1','4');
insert into menu_article values('40', '四红粥', '主料:红豆80克,花生仁(生)100克,红枣60克 辅料:红糖60克,糯米100克', '1.食材集合（花生、红豆是经浸泡1小时的)。2.糯米和红枣洗净和泡后的红豆、花生一起加入锅内。3.加入适量的清水。4.座入电饭煲慢煮1小时。5.热趁在煮好的粥里面加入红糖拌至糖融化即可。', 'img40.png','1','2');
insert into menu_article values('41', '茭白三丝', '主料:茭白400克,猪肉100克,黑木耳5克 辅料:油25毫升,老抽5毫升,生抽15毫升,郫县豆瓣酱1汤匙,葱花少许,香油少许,蒜末10克,水淀粉2汤匙', '1.茭白去壳后洗净，黑木耳用清水泡开后洗净，准备上浆过油后的猪肉丝。2.把茭白和黑木耳切成细丝。3.准备郫县豆瓣酱，生抽，老抽，水淀粉，蒜末，葱花，香油。4.热锅倒油温油下入豆瓣酱炒出香味。5.再加入茭白丝和黑木耳丝翻炒均匀。6.加入少许开水，尝试味道后再加生抽和老抽。7.再把猪肉丝加入烧制片刻。8.加入白糖调味。9.加入水淀粉勾芡后淋上香油熄火出锅。10.盛入碗中撒上葱花即可享用。','img41.png','1','6');
insert into menu_article values('42', '花胶红枣虫草花','主料:花胶40克,虫草花50克,枣(干)20克 辅料:冰糖15克,葱1根,姜1片,水适量', '1.花胶提前一天浸泡至软，花胶的质量差别很大，价格差异也十分悬殊，可根据自己的能力选择。2.食材准备，花胶泡软，大枣和虫草花清洗干净后备用。3.清洗干净后剪成小片，和葱姜一起在开水中过水去腥，这个步骤非常重要，可以保证汤的口感。4.将食材全部放入炖锅内加清水，炖煮3-4个小时，并按自己的口味加入适量的冰糖即可。','img42.png','1','6');
insert into menu_article values('43', ' 凉拌手撕蒜苔', '主料:蒜苔1把 调料:食盐1茶匙,醋1茶匙,生抽1茶匙,香油数滴,植物油适量,香辣酱1茶匙', '1.蒜苔清洗干净，摘去头尾；锅中放水，放少许盐和油，水开后放入蒜苔焯水，蒜苔断生后放入凉水中浸泡。2.用手撕成一条条，再放入凉水中；全部撕完后，捞出淋干水分，放入盘中。3.调汁，我用了香辣酱、生抽、少许盐、香油、醋，全部放入小碗中，搅拌均匀，倒入蒜苔上面，吃的时候搅拌均匀即可。','img43.png','1','5');
insert into menu_article values('44', '吮指香辣蟹','主料:大闸蟹5只 调料:醋1/4汤匙,姜3片,蒜半头,花椒10粒,干辣椒20个,料酒1汤匙,生抽1/2汤匙,淀粉1汤匙,细香葱1根,白糖1茶匙', '1.将螃蟹清打开壳，清除不可以吃的腮胃等部位。2.蟹剁成块，锅内到植物油后放入葱、姜、蒜爆香。3.爆香后再放入干辣椒，倒入蟹块翻炒。4.蟹块倒入后放料酒、生抽、白糖、少许醋，加大半碗水加盖焖煮。5.煮至蟹变色变熟，汤汁收浓后将淀粉调水倒入锅中翻炒，汤汁不要收的太干，出锅前尝下如果不够咸，可以放少许食盐调味。','img44.png','1','3');
insert into menu_article values('45', '海带排骨汤	', '主料:排骨1000克,海带100克 辅料:姜3克,葱5克,料酒5克,盐2克', '1.姜切片，葱切段。2.加水直至没过海带，浸泡3小时。3.排骨焯水去腥去血沫。4.加入姜片、葱段、排骨。5.放料酒，倒入海带，放盐。6.小火煲1个小时，盛出装盘即可。','img45.png','1','4');
insert into menu_article values('46', '芹菜炒牛肉',  '主料:牛肉250克,芹菜400克 辅料:食用油适量,豆瓣酱一勺,小辣椒8个,花椒适量,生抽1勺,料酒1勺,姜丝适量,大蒜4颗,精盐1勺,味精半勺', '1.买来的牛肉洗干净切丝。2.芹菜斜切成小段。3.放入一勺生抽，一勺料酒，少量姜丝腌制10分钟左右,在炒之前放入少量生粉。4.准备好干辣椒段，姜丝，大蒜，花椒。5.锅中放油，先加入辣椒花椒，在加入姜丝大蒜炒香，在加入一勺豆瓣酱。6.倒入牛肉快速翻炒2分钟左右盛出备用，锅中留油。7.倒入芹菜翻炒断生，在倒入盛出备用的牛肉，继续翻炒～在放入盐和味精就可以出锅。', 'img46.png','1','6');
insert into menu_article values('47', '鸡蛋小饼干', '主料:鸡蛋1个,蛋黄2个 辅料:低筋粉80克,细砂糖50克,黑芝麻少许', '1.盆中放入一个全蛋，两个蛋黄加入50克细砂糖，坐入40度左右的温水中，把鸡蛋隔水加热一下会更容易打发。2.用电动打蛋器低速搅打，提起打蛋头，蛋糊滴落的痕迹不容易消失就可以了。3.筛入低筋粉。4.快速翻拌均匀，手法同戚风蛋糕。5.装入裱花袋，裱花袋剪的口不要太大了，可以用一个圆形的裱花嘴来挤。6.烤盘垫油布，烤盘垫油布，烤盘垫油布，重要的话说三遍！挤出的蛋糕糊直径跟五角钱硬币大小差不多就行，等一下蛋糕糊会自动摊开，直径还会增加，所以，彼此之间一定要留出足够的距离，避免烘烤的时候融合在一起。7.可以撒点黑芝麻，好看又营养。8.放入预热好的风炉，130度烘烤30分钟。9.出炉后很轻松就可以取下来，放在烤架上晾一下就可以密封保存。', 'img47.png','1','8');
#菜单详情表2
create table home_article(
  id int unsigned NOT NULL AUTO_INCREMENT,
  subject varchar(50) NOT NULL COMMENT '菜名',
  main varchar(255) NOT NULL COMMENT '主料',
  content text NOT NULL COMMENT '做菜步骤', 
  image varchar(50) DEFAULT NULL COMMENT '缩略图',
  user_id int unsigned NOT NULL COMMENT '外键，用户id',
  home_id int unsigned NOT NULL COMMENT '外键，分类id',
  PRIMARY KEY(`id`)
);
insert into home_article values('1',
'秋葵炒虾仁', '主料:虾200克,黄秋葵200克 辅料:大葱1根,生姜1块,白胡椒粉1勺,大蒜3瓣,盐3克,姜汁酒1勺,生抽1勺', '1.大蒜切片，大葱切段，生姜切末。2.在虾肉中加入一大勺姜汁酒和少许白胡椒粉抓拌均匀。3.秋葵洗净后去蒂改刀成段。4.锅内放少许橄榄油，下入葱姜蒜末爆香。5.下入腌好的虾仁翻炒。6.炒至虾仁变色后调入一勺生抽。7.下入秋葵快速翻炒。8.调入2克盐。9.出锅前淋入一小勺姜汁酒爆香后出锅即可。', 'img1.png', '1', '1'
);
insert into home_article values('2', '豆腐鲫鱼汤', '主料:姜片适量,鲫鱼1条,葱段适量,嫩豆腐250克 辅料:油适量,水750毫升,料酒3克,胡椒粉1克,鸡粉5克,盐3克', '1.锅中倒油，翻入姜片，放入鲫鱼，小火慢煎，煎至金黄后翻面。2.锅中倒750ml水煮沸，倒入煎好的鱼。3.加入姜片、葱段、料酒3g、胡椒粉1g、鸡粉5g、盐3g、嫩豆腐250g。4.大火煮沸转至中火，加盖炖煮15分钟。5.出锅，完成。', 'img2.png', '2', '2');
insert into home_article values('3', '萝卜排骨汤', '主料:排骨860克,红萝卜780克 辅料:葱叶适量,姜片6片,料酒适量,食盐4小勺,枸杞少许', '1.排骨焯水捞出，用温水洗净浮沫。2.煮锅置火上，放足量的水，放入焯过水的排骨，加入葱段姜片。3.大火烧沸后，盖上盖子改中小炖煮4.煮排骨的时候处理白萝卜，白萝卜去皮切成滚刀块。5.排骨大约煮40钟，放入切好的白萝卜，继续中小火煮制。6.煮至白萝卜熟透，加入适量食盐、胡椒粉即可关火。', 'img3.png', '3', '3');
insert into home_article values('4', '鸡腿炖土豆', '主料:鸡腿5个,土豆200克 辅料:食盐3克,大葱1根,水适量,姜片3片,花椒8颗,老抽5毫升,冰糖3块,料酒1勺,小尖椒2个', '1.准备好鸡腿，土豆和辅料，土豆切成土豆块，鸡腿热水焯一下。2.锅中放油，将冰糖放进油中融化。3.冰糖完全融化。4.鸡腿倒进冰糖中翻炒，直至完全上色。5.将辅料倒进锅中翻炒，加入老抽和料酒。6.大火翻炒，直至鸡腿上色均匀。7.锅中加入热水煮沸，再关小火炖1个小时。8.鸡腿炖熟后加入土豆，放入盐，等土豆熟了就可以出锅了。', 'img4.png', '2', '4');
insert into home_article values('5', '啤酒五花肉', '主料:五花肉1块,啤酒1罐,鸡蛋2个,葱适量 辅料:姜适量,料酒适量,八角适量,干辣椒适量,老抽1勺,盐2勺', '1.五花肉切小块。2.冷水下锅，放入葱、姜、料酒去腥，捞出后凉水洗净，鸡蛋煮熟剥皮开小口。3.锅中无油无水，放入五花肉煸出油。4.锅中放一勺蜂蜜，炒至焦糖色，放八角、姜片、干辣椒、一勺老抽，放五花肉炒香。5.倒入1罐啤酒，加1勺盐，放入鸡蛋，大火慢炖至收汁，最后盛出撒上葱花即可。', 'img5.png', '3', '4');
insert into home_article values('6', '红萝卜玉米排骨汤', '主料:肋排500克,胡萝卜1根,甜玉米1根 辅料:盐适量,香葱少许,清水适量', '1.准备好排骨洗净。2.锅加水，放入排骨。3.焯水煮一下。4.捞出排骨。5.准备好萝卜和玉米。6.准备点红枣和姜。7.玉米和萝卜洗净切块。8.锅加水，放入排骨，红枣和姜片。9.放入玉米和萝卜。10.煲煮50分钟，加盐调味。11.盛碗。', 'img6.png','1', '1');
insert into home_article values('7', '风林茄子', '主料:茄子250克 辅料:蒜5克,香菜1根,干辣椒2克,花椒1克,葱15克,白砂糖50克,陈醋40克,生抽5克,盐2克,淀粉120克', '1.蒜切末，香菜切段，茄子切块。2.倒入茄子，加入淀粉，搅拌均匀。3.锅中倒油，油温烧至五成熟加入茄子，炸至金黄。4.锅中倒油，加入花椒，干辣椒，葱段，大火爆香。5.加入陈醋，白砂糖，生抽，盐翻炒均匀。6.加入茄子，香菜，翻炒均匀。', 'img7.png', '3', '2');
insert into home_article values('8', '香辣排骨', '主料:小肋排800克 辅料:盐适量,玉米淀粉适量,料酒适量,生抽适量,葱姜蒜适量,绵白糖适量,黑胡椒碎适量,干红辣椒6个,花生油适量,去皮熟花生米适量', '1.排骨清水煮开、洗干净。2.准备一些姜和蒜。3.油热煸炒一下。4.然后下排骨炒一下。5.把辣椒放进去继续炒。6.下料酒、老抽、生抽适量！翻炒一下。7.加水没过排骨。8.煮开之后加入盐味精和白糖调味、转中火炖着、大概二十分钟左右。9.汤快干的时候把葱白放进去、放得早的话会煮烂掉、所以这时候正好。10.小火收汁、翻炒过后颜色已经很好看了。11.出锅后撒一点香菜和葱、非常的香。喜欢吃辣的话辣椒可以多放。', 'img8.png', '2', '3');
insert into home_article values('9', '辣子鸡', '主料:鸡腿500克,辣椒酱500克 辅料:姜1小块,大葱1段,盐适量', '1.放入鸡肉、加料酒、生抽、胡椒粉、盐，搅拌均匀，腌制30分钟。2.倒入食用油、姜丝、花椒，鸡块。3.小火煎至鸡肉变色。4.倒入大蒜、干辣椒、辣椒圈。5.翻炒均匀。', 'img9.png', '2', '4');
insert into home_article values('10', '豆角茄子煲', '主料：豆角200g，茄子200g，猪肉50g 调料：食盐适量，葱适量，姜适量，蒜适量，料酒适量，蚝油1勺，甜面酱2勺，调和油适量，花椒粉适量', '1.大茄子去皮切条，撒少量盐抓匀腌制片刻，炒之前去掉水分。2.豆腐煎至两面金黄，摆入浅沙煲底层。3.留底油炒熟茄子，盛到豆腐上。4.热油炒香葱姜蒜末，加入肉末炒至变色。5.加入豆瓣酱炒出红油，翻炒均匀，加入生抽、蚝油、白糖、十三香。6.翻炒均匀倒入青红椒碎，倒入适量水淀粉，翻炒均匀。7.浇在豆腐茄子上，盖盖焖三分钟，即可开吃。', 'img10.png', '1', '3');
insert into home_article values('11', '麻婆豆腐', '主料：豆腐500克 辅料：油一勺，盐一撮，肉末150克，豆瓣酱30克，花椒8克，葱姜末少许', '1.卤水豆腐洗净，切约1.5cm见方小块，盐水浸泡备用。2.大蒜、生姜，大葱切末，郫县豆瓣剁碎，蒜苗切末。我这次偷懒用的是牛肉酱，有点牛肉味即可。3.油烧7分热，下葱姜蒜末炒出香味，下牛肉酱划开炒匀，下郫县豆瓣满满炒出红油，加白糖调味。4.豆腐沥水下锅，炒匀，加入鸡汤，大火烧开盖上盖转中小火烧2-3分钟。淀粉加少许水调匀。5.下水淀粉勾芡，撒花椒粉、青蒜末炒匀，完成。', 'img11.png', '1', '1');
insert into home_article values('12', '土豆烧牛肉', '主料：牛肉500克，土豆1个 辅料：葱段半根，姜3片，蒜2粒，干红辣椒3个，八角1个，老抽一汤匙，生抽1汤匙，盐少许，砂糖少许', '1.将主料 辅料所以材料切好备用。2.切好的牛肉冷水锅加料酒炒掉血水。3.土豆切块 焯水的牛肉 盛盘备用。4.起锅热油 将白砂糖放入锅中炒出颜色。5.糖炒出颜色倒入牛肉 生抽 老抽 翻炒至颜色均匀后加入葱 姜 蒜 八角 辣椒 继续翻炒出香味。6.炒好的牛肉倒入高压锅或者电压力锅中添水 定时30分钟 即可。7.将准备好的土豆块 炖好的牛肉 倒入炖锅中 加少许盐 慢火炖15分钟左右 这一步是为了让土豆和牛肉的味道融合。8.炖好的牛肉盛盘即可食用。', 'img12.png', '1', '2');
insert into home_article values('13', '乌鸡汤', '主料：乌鸡1只 辅料：姜5克，葱5克，料酒5克，桂圆2个，红枣2个，黄芪3克，白芍2克，党参3克，当归2克，枸杞5克，盐2克', '1.乌鸡剁成块。2.冷水下锅，焯水，打去浮沫，倒入高压锅。3.放入姜，红枣，党参，盐，水，高压锅上气5分钟。4.泡点枸杞，煮好倒入铁盆，放入枸杞，切点葱花，开火煮，碗中放入葱花，煮好盛入碗中。', 'img13.png', '2', '3');
insert into home_article values('14', '西芹百合炒腰果', '主料：百合50克，西芹100克，腰果60克 辅料：盐5克，鸡粉3克，植物油2汤匙', '1.主料准备好；百合去头尾，掰成瓣，西芹切小片。2.将西芹和百合焯水后迅速捞起，泡在冷水中备用；锅里放适量油，烧至温热后放入腰果。3.用小火煎炸至腰果金黄酥脆后捞出，放凉备用，锅里留油；将西芹百合捞出控干，放入油锅里大火翻炒30秒左右。4.放入放凉后的腰果；调入适量盐和鸡粉即可关火出锅。', 'img14.png', '3', '4');
insert into home_article values('15', '西红柿炒鸡蛋', '主料：西红柿1个，鸡蛋3个 辅料：植物油10克，食盐3克，小葱两棵', '1.将鸡蛋入碗中，用筷子搅散。番茄洗净去蒂，切成小块备用。2.锅中放油烧至七成热时，将蛋液倒入锅中，在锅中快速搅打炒成蓬松的炒鸡蛋并盛出。3.锅中重新放油烧至五成热，先将葱花放入爆香。4.将番茄块倒入，大火翻炒1分钟，放入盐、鸡精、糖调味，搅拌均匀；加入鸡精让这道番茄炒蛋滋味更加鲜美，让人食欲大开。5.最后放入炒好的鸡蛋，炒匀即可盛出。', 'img15.png', '2', '2');
insert into home_article values('16', '栗子红烧肉', '主料：五花肉250克，栗子(鲜)250克 辅料：姜10克，蒜50克，生抽30毫升，老抽15毫升，料酒15毫升，细砂糖20克，食盐适量，植物油适量', '1.五花肉和冷水一起放进煮锅里，焯水，冲洗掉油脂，再把五花肉切块。2.炒锅放入1汤匙植物油，加入冰糖，用小火熔化。3.加入五花肉块。4.将五花肉块裹上琥珀色冰糖。5.加入生抽、老抽和料酒，炒匀。6.再放入姜和蒜，炒出香味。\r7.加入没过五花肉的开水，大火烧开后转小火焖60分钟。8.五花肉焖煮期间，当汤汁剩下三分之一时加入栗子，拌匀后继续焖。9.汤汁所剩无几时盛起，撒上葱粒即可。', 'img16.png', '2', '1');
insert into home_article values('17', '洋葱炒牛肉', '主料：牛肉500克，胡萝卜100克，洋葱100克 辅料：盐1克，料酒20毫升，胡椒粉1克，鸡蛋清20克，淀粉30克，亚麻籽油20毫升，姜蒜30克，生抽20毫升，香葱20克', '1.准备蒜末5g，洋葱100g切块，猪瘦肉200g切片。2.碗中倒入猪肉片，倒入生抽5g，淀粉5g、倒入蒜末拌匀，腌制20分钟。3.起锅放入油5ml，倒入猪肉片翻炒至变色。4.倒入老抽1g，生抽3g，翻炒均匀后倒入洋葱。5.加入盐1g，翻炒均匀即可出锅。', 'img17.png', '2', '2');
insert into home_article values('18', '水煮鱼', '主料：鸡蛋1个，草鱼片500克，姜片适量，黄豆芽100克 辅料：淀粉5克，食用油5毫升，郫县豆瓣酱15克，水500毫升\r', '1.打一个蛋清，准备草鱼片500g，倒入蛋清，加入淀粉5g，搅拌均匀。2.锅中热油5ml，倒入适量姜片，郫县豆瓣酱15g，炒出红油。3.锅中倒入500ml水，倒入100g黄豆芽，大火煮沸。4.倒入鱼片，继续煮。5.煮沸后出锅。\r', 'img18.png', '2', '3');
insert into home_article values('19', '蛋焖排骨', '主料：小肋排 1000克 ，鸡蛋 10个 辅料：葱 姜 酱油 糖 料酒 盐', '1.先煮好几个白水蛋待凉透剥去壳备用；排骨，姜片，干辣椒，冰糖。2.锅里放油，油温稍稍起来就放冰糖和姜片，小火，待冰糖化掉成焦糖，放入排骨翻炒，均匀的裹上糖色。3.然后放入适量酱油，料酒，干辣椒，加入水（水刚没过排骨即可）大火烧开，中火烧20分钟。4.然后鸡蛋上划几个口子，便于入味，放入锅中一起烧，不用盖锅盖。5.待汤汁收干，即可起锅；如果觉得味道不够，可以根据自己口味再适量加盐和鸡精。', 'img19.png', '2', '4');
insert into home_article values('20', '咖喱鸡块', '主料：鸡胸肉300克，红皮洋葱300克，土豆300克，胡萝卜100克，青椒50克 辅料：咖喱块50克，料酒15克，玉米油30克，水400毫升', '1.鸡胸肉清洗干净，放冰箱冷冻半小时变硬些，切成2cm见方的小块；洋葱、土豆、胡萝卜和青椒分别洗净切2cm左右的块。2.热锅放入玉米油，放入鸡胸块、洋葱、土豆和胡萝卜翻炒至鸡肉变色，放入料酒烹香。3.加入400g水中火烧制10分钟左右，至土豆和鸡肉变得软烂。4.转小火，放入咖喱块，搅拌至完全融化，再炖煮5分钟左右至咖喱呈稠糊状鸡肉入味即可。', 'img20.png', '1', '1');
#热门推荐
create table menu_hot(
  id int unsigned NOT NULL AUTO_INCREMENT,
  subject varchar(50) NOT NULL COMMENT '菜名',
  main varchar(255) NOT NULL COMMENT '主料',
  content text NOT NULL COMMENT '做菜步骤', 
  image varchar(50) DEFAULT NULL COMMENT '缩略图',
  user_id int unsigned NOT NULL COMMENT '外键，用户id',
  PRIMARY KEY(`id`)
);
insert into menu_hot values('1',
'秋葵炒虾仁', '主料:虾200克,黄秋葵200克 辅料:大葱1根,生姜1块,白胡椒粉1勺,大蒜3瓣,盐3克,姜汁酒1勺,生抽1勺', '1.大蒜切片，大葱切段，生姜切末。2.在虾肉中加入一大勺姜汁酒和少许白胡椒粉抓拌均匀。3.秋葵洗净后去蒂改刀成段。4.锅内放少许橄榄油，下入葱姜蒜末爆香。5.下入腌好的虾仁翻炒。6.炒至虾仁变色后调入一勺生抽。7.下入秋葵快速翻炒。8.调入2克盐。9.出锅前淋入一小勺姜汁酒爆香后出锅即可。', 'img1.png', '1'
);
insert into menu_hot values('2', '豆腐鲫鱼汤', '主料:姜片适量,鲫鱼1条,葱段适量,嫩豆腐250克 辅料:油适量,水750毫升,料酒3克,胡椒粉1克,鸡粉5克,盐3克', '1.锅中倒油，翻入姜片，放入鲫鱼，小火慢煎，煎至金黄后翻面。2.锅中倒750ml水煮沸，倒入煎好的鱼。3.加入姜片、葱段、料酒3g、胡椒粉1g、鸡粉5g、盐3g、嫩豆腐250g。4.大火煮沸转至中火，加盖炖煮15分钟。5.出锅，完成。', 'img2.png', '2');
insert into menu_hot values('3', '萝卜排骨汤', '主料:排骨860克,红萝卜780克 辅料:葱叶适量,姜片6片,料酒适量,食盐4小勺,枸杞少许', '1.排骨焯水捞出，用温水洗净浮沫。2.煮锅置火上，放足量的水，放入焯过水的排骨，加入葱段姜片。3.大火烧沸后，盖上盖子改中小炖煮4.煮排骨的时候处理白萝卜，白萝卜去皮切成滚刀块。5.排骨大约煮40钟，放入切好的白萝卜，继续中小火煮制。6.煮至白萝卜熟透，加入适量食盐、胡椒粉即可关火。', 'img3.png', '3');
insert into menu_hot values('4', '鸡腿炖土豆', '主料:鸡腿5个,土豆200克 辅料:食盐3克,大葱1根,水适量,姜片3片,花椒8颗,老抽5毫升,冰糖3块,料酒1勺,小尖椒2个', '1.准备好鸡腿，土豆和辅料，土豆切成土豆块，鸡腿热水焯一下。2.锅中放油，将冰糖放进油中融化。3.冰糖完全融化。4.鸡腿倒进冰糖中翻炒，直至完全上色。5.将辅料倒进锅中翻炒，加入老抽和料酒。6.大火翻炒，直至鸡腿上色均匀。7.锅中加入热水煮沸，再关小火炖1个小时。8.鸡腿炖熟后加入土豆，放入盐，等土豆熟了就可以出锅了。', 'img4.png', '2');
insert into menu_hot values('5', '啤酒五花肉', '主料:五花肉1块,啤酒1罐,鸡蛋2个,葱适量 辅料:姜适量,料酒适量,八角适量,干辣椒适量,老抽1勺,盐2勺', '1.五花肉切小块。2.冷水下锅，放入葱、姜、料酒去腥，捞出后凉水洗净，鸡蛋煮熟剥皮开小口。3.锅中无油无水，放入五花肉煸出油。4.锅中放一勺蜂蜜，炒至焦糖色，放八角、姜片、干辣椒、一勺老抽，放五花肉炒香。5.倒入1罐啤酒，加1勺盐，放入鸡蛋，大火慢炖至收汁，最后盛出撒上葱花即可。', 'img5.png', '3');
insert into menu_hot values('6', '红萝卜玉米排骨汤', '主料:肋排500克,胡萝卜1根,甜玉米1根 辅料:盐适量,香葱少许,清水适量', '1.准备好排骨洗净。2.锅加水，放入排骨。3.焯水煮一下。4.捞出排骨。5.准备好萝卜和玉米。6.准备点红枣和姜。7.玉米和萝卜洗净切块。8.锅加水，放入排骨，红枣和姜片。9.放入玉米和萝卜。10.煲煮50分钟，加盐调味。11.盛碗。', 'img6.png','1');
insert into menu_hot values('7', '风林茄子', '主料:茄子250克 辅料:蒜5克,香菜1根,干辣椒2克,花椒1克,葱15克,白砂糖50克,陈醋40克,生抽5克,盐2克,淀粉120克', '1.蒜切末，香菜切段，茄子切块。2.倒入茄子，加入淀粉，搅拌均匀。3.锅中倒油，油温烧至五成熟加入茄子，炸至金黄。4.锅中倒油，加入花椒，干辣椒，葱段，大火爆香。5.加入陈醋，白砂糖，生抽，盐翻炒均匀。6.加入茄子，香菜，翻炒均匀。', 'img7.png', '3');
insert into menu_hot values('8', '香辣排骨', '主料:小肋排800克 辅料:盐适量,玉米淀粉适量,料酒适量,生抽适量,葱姜蒜适量,绵白糖适量,黑胡椒碎适量,干红辣椒6个,花生油适量,去皮熟花生米适量', '1.排骨清水煮开、洗干净。2.准备一些姜和蒜。3.油热煸炒一下。4.然后下排骨炒一下。5.把辣椒放进去继续炒。6.下料酒、老抽、生抽适量！翻炒一下。7.加水没过排骨。8.煮开之后加入盐味精和白糖调味、转中火炖着、大概二十分钟左右。9.汤快干的时候把葱白放进去、放得早的话会煮烂掉、所以这时候正好。10.小火收汁、翻炒过后颜色已经很好看了。11.出锅后撒一点香菜和葱、非常的香。喜欢吃辣的话辣椒可以多放。', 'img8.png', '2');
insert into menu_hot values('9', '辣子鸡', '主料:鸡腿500克,辣椒酱500克 辅料:姜1小块,大葱1段,盐适量', '1.放入鸡肉、加料酒、生抽、胡椒粉、盐，搅拌均匀，腌制30分钟。2.倒入食用油、姜丝、花椒，鸡块。3.小火煎至鸡肉变色。4.倒入大蒜、干辣椒、辣椒圈。5.翻炒均匀。', 'img9.png', '2');
insert into menu_hot values('10', '豆角茄子煲', '主料：豆角200g，茄子200g，猪肉50g 调料：食盐适量，葱适量，姜适量，蒜适量，料酒适量，蚝油1勺，甜面酱2勺，调和油适量，花椒粉适量', '1.大茄子去皮切条，撒少量盐抓匀腌制片刻，炒之前去掉水分。2.豆腐煎至两面金黄，摆入浅沙煲底层。3.留底油炒熟茄子，盛到豆腐上。4.热油炒香葱姜蒜末，加入肉末炒至变色。5.加入豆瓣酱炒出红油，翻炒均匀，加入生抽、蚝油、白糖、十三香。6.翻炒均匀倒入青红椒碎，倒入适量水淀粉，翻炒均匀。7.浇在豆腐茄子上，盖盖焖三分钟，即可开吃。', 'img10.png', '1');
insert into menu_hot values('11', '麻婆豆腐', '主料：豆腐500克 辅料：油一勺，盐一撮，肉末150克，豆瓣酱30克，花椒8克，葱姜末少许', '1.卤水豆腐洗净，切约1.5cm见方小块，盐水浸泡备用。2.大蒜、生姜，大葱切末，郫县豆瓣剁碎，蒜苗切末。我这次偷懒用的是牛肉酱，有点牛肉味即可。3.油烧7分热，下葱姜蒜末炒出香味，下牛肉酱划开炒匀，下郫县豆瓣满满炒出红油，加白糖调味。4.豆腐沥水下锅，炒匀，加入鸡汤，大火烧开盖上盖转中小火烧2-3分钟。淀粉加少许水调匀。5.下水淀粉勾芡，撒花椒粉、青蒜末炒匀，完成。', 'img11.png', '1');
insert into menu_hot values('12', '土豆烧牛肉', '主料：牛肉500克，土豆1个 辅料：葱段半根，姜3片，蒜2粒，干红辣椒3个，八角1个，老抽一汤匙，生抽1汤匙，盐少许，砂糖少许', '1.将主料 辅料所以材料切好备用。2.切好的牛肉冷水锅加料酒炒掉血水。3.土豆切块 焯水的牛肉 盛盘备用。4.起锅热油 将白砂糖放入锅中炒出颜色。5.糖炒出颜色倒入牛肉 生抽 老抽 翻炒至颜色均匀后加入葱 姜 蒜 八角 辣椒 继续翻炒出香味。6.炒好的牛肉倒入高压锅或者电压力锅中添水 定时30分钟 即可。7.将准备好的土豆块 炖好的牛肉 倒入炖锅中 加少许盐 慢火炖15分钟左右 这一步是为了让土豆和牛肉的味道融合。8.炖好的牛肉盛盘即可食用。', 'img12.png', '1');
insert into menu_hot values('13', '乌鸡汤', '主料：乌鸡1只 辅料：姜5克，葱5克，料酒5克，桂圆2个，红枣2个，黄芪3克，白芍2克，党参3克，当归2克，枸杞5克，盐2克', '1.乌鸡剁成块。2.冷水下锅，焯水，打去浮沫，倒入高压锅。3.放入姜，红枣，党参，盐，水，高压锅上气5分钟。4.泡点枸杞，煮好倒入铁盆，放入枸杞，切点葱花，开火煮，碗中放入葱花，煮好盛入碗中。', 'img13.png', '2');
insert into menu_hot values('14', '西芹百合炒腰果', '主料：百合50克，西芹100克，腰果60克 辅料：盐5克，鸡粉3克，植物油2汤匙', '1.主料准备好；百合去头尾，掰成瓣，西芹切小片。2.将西芹和百合焯水后迅速捞起，泡在冷水中备用；锅里放适量油，烧至温热后放入腰果。3.用小火煎炸至腰果金黄酥脆后捞出，放凉备用，锅里留油；将西芹百合捞出控干，放入油锅里大火翻炒30秒左右。4.放入放凉后的腰果；调入适量盐和鸡粉即可关火出锅。', 'img14.png', '3');
insert into menu_hot values('15', '西红柿炒鸡蛋', '主料：西红柿1个，鸡蛋3个 辅料：植物油10克，食盐3克，小葱两棵', '1.将鸡蛋入碗中，用筷子搅散。番茄洗净去蒂，切成小块备用。2.锅中放油烧至七成热时，将蛋液倒入锅中，在锅中快速搅打炒成蓬松的炒鸡蛋并盛出。3.锅中重新放油烧至五成热，先将葱花放入爆香。4.将番茄块倒入，大火翻炒1分钟，放入盐、鸡精、糖调味，搅拌均匀；加入鸡精让这道番茄炒蛋滋味更加鲜美，让人食欲大开。5.最后放入炒好的鸡蛋，炒匀即可盛出。', 'img15.png', '2');
insert into menu_hot values('16', '栗子红烧肉', '主料：五花肉250克，栗子(鲜)250克 辅料：姜10克，蒜50克，生抽30毫升，老抽15毫升，料酒15毫升，细砂糖20克，食盐适量，植物油适量', '1.五花肉和冷水一起放进煮锅里，焯水，冲洗掉油脂，再把五花肉切块。2.炒锅放入1汤匙植物油，加入冰糖，用小火熔化。3.加入五花肉块。4.将五花肉块裹上琥珀色冰糖。5.加入生抽、老抽和料酒，炒匀。6.再放入姜和蒜，炒出香味。\r7.加入没过五花肉的开水，大火烧开后转小火焖60分钟。8.五花肉焖煮期间，当汤汁剩下三分之一时加入栗子，拌匀后继续焖。9.汤汁所剩无几时盛起，撒上葱粒即可。', 'img16.png', '2');
insert into menu_hot values('17', '洋葱炒牛肉', '主料：牛肉500克，胡萝卜100克，洋葱100克 辅料：盐1克，料酒20毫升，胡椒粉1克，鸡蛋清20克，淀粉30克，亚麻籽油20毫升，姜蒜30克，生抽20毫升，香葱20克', '1.准备蒜末5g，洋葱100g切块，猪瘦肉200g切片。2.碗中倒入猪肉片，倒入生抽5g，淀粉5g、倒入蒜末拌匀，腌制20分钟。3.起锅放入油5ml，倒入猪肉片翻炒至变色。4.倒入老抽1g，生抽3g，翻炒均匀后倒入洋葱。5.加入盐1g，翻炒均匀即可出锅。', 'img17.png', '2');
insert into menu_hot values('18', '水煮鱼', '主料：鸡蛋1个，草鱼片500克，姜片适量，黄豆芽100克 辅料：淀粉5克，食用油5毫升，郫县豆瓣酱15克，水500毫升\r', '1.打一个蛋清，准备草鱼片500g，倒入蛋清，加入淀粉5g，搅拌均匀。2.锅中热油5ml，倒入适量姜片，郫县豆瓣酱15g，炒出红油。3.锅中倒入500ml水，倒入100g黄豆芽，大火煮沸。4.倒入鱼片，继续煮。5.煮沸后出锅。\r', 'img18.png', '2' );
insert into menu_hot values('19', '蛋焖排骨', '主料：小肋排 1000克 ，鸡蛋 10个 辅料：葱 姜 酱油 糖 料酒 盐', '1.先煮好几个白水蛋待凉透剥去壳备用；排骨，姜片，干辣椒，冰糖。2.锅里放油，油温稍稍起来就放冰糖和姜片，小火，待冰糖化掉成焦糖，放入排骨翻炒，均匀的裹上糖色。3.然后放入适量酱油，料酒，干辣椒，加入水（水刚没过排骨即可）大火烧开，中火烧20分钟。4.然后鸡蛋上划几个口子，便于入味，放入锅中一起烧，不用盖锅盖。5.待汤汁收干，即可起锅；如果觉得味道不够，可以根据自己口味再适量加盐和鸡精。', 'img19.png', '2');
insert into menu_hot values('20', '咖喱鸡块', '主料：鸡胸肉300克，红皮洋葱300克，土豆300克，胡萝卜100克，青椒50克 辅料：咖喱块50克，料酒15克，玉米油30克，水400毫升', '1.鸡胸肉清洗干净，放冰箱冷冻半小时变硬些，切成2cm见方的小块；洋葱、土豆、胡萝卜和青椒分别洗净切2cm左右的块。2.热锅放入玉米油，放入鸡胸块、洋葱、土豆和胡萝卜翻炒至鸡肉变色，放入料酒烹香。3.加入400g水中火烧制10分钟左右，至土豆和鸡肉变得软烂。4.转小火，放入咖喱块，搅拌至完全融化，再炖煮5分钟左右至咖喱呈稠糊状鸡肉入味即可。', 'img20.png', '1');
#分类表
create table menu_category(
  id smallint unsigned NOT NULL AUTO_INCREMENT  COMMENT '分类id，主键且非空',
  category_name varchar(8) NOT NULL,
  PRIMARY KEY(`id`),
  UNIQUE KEY `category_name` (`category_name`)
);
insert into menu_category values('1','肉'),('2','主食'),('3','海鲜'),('4','汤'),('5','凉菜'),('6','小炒'),('7','鸡肉'),('8','甜品果汁');
#首页分类表
create table home_category(
  id smallint unsigned NOT NULL AUTO_INCREMENT  COMMENT '分类id，主键且非空',
  category_name varchar(8) NOT NULL,
  image varchar(50) NOT NULL COMMENT '缩略图',
  PRIMARY KEY(`id`),
  UNIQUE KEY `category_name` (`category_name`)

);
insert into home_category values('1','春节必备','1.png'),('2','经典凉菜','2.png'),('3','简单入门','3.png'),('4','热门收藏','4.png');